"email","_website","_store","confirmation","created_at","created_in","disable_auto_group_change","dob","firstname","gender","group_id","lastname","middlename","password_hash","prefix","rp_token","rp_token_created_at","store_id","suffix","taxvat","website_id","password","_address_city","_address_company","_address_country_id","_address_fax","_address_firstname","_address_lastname","_address_middlename","_address_postcode","_address_prefix","_address_region","_address_street","_address_suffix","_address_telephone","_address_vat_id","_address_default_billing_","_address_default_shipping_"
"carlos.graham@example.com","base","admin","","2002-10-09 02:24:10","Admin","0","1985-10-28 07:36:08","Carlos","Male","1","Graham","","","","","","0","","","1","onetwothree","Australian capital territory","","US","","Carlos","Graham","","731","","","5928 valley view ln","","7868268124","","1","1"
"luke.rice@example.com","base","admin","","2004-09-08 23:40:17","Admin","0","1957-05-24 18:13:59","Luke","Male","1","Rice","","","","","","0","","","1","onetwothree","Darwin","","US","","Luke","Rice","","8889","","","8870 plum st","","7861153619","","1","1"
"eemil.lammi@example.com","base","admin","","2015-11-22 14:38:20","Admin","0","1983-10-13 02:54:21","Eemil","Male","1","Lammi","","","","","","0","","","1","onetwothree","Halsua","","US","","Eemil","Lammi","","62965","","","9917 korkeavuorenkatu","","7866865967","","1","1"
"albert.ryan@example.com","base","admin","","2015-06-01 05:21:38","Admin","0","1954-05-03 22:30:33","Albert","Male","1","Ryan","","","","","","0","","","1","onetwothree","Gladstone","","US","","Albert","Ryan","","4919","","","8751 shady ln dr","","7862585229","","1","1"
"inaya.picard@example.com","base","admin","","2010-07-09 14:12:00","Admin","0","1991-10-12 00:01:23","Inaya","Female","1","Picard","","","","","","0","","","1","onetwothree","Bussy-chardonney","","US","","Inaya","Picard","","6825","","","8163 avenue debrousse","","7867519746","","1","1"
"vernon.ferguson@example.com","base","admin","","2007-11-09 15:46:22","Admin","0","1963-01-20 15:38:07","Vernon","Male","1","Ferguson","","","","","","0","","","1","onetwothree","Kilcock","","US","","Vernon","Ferguson","","81780","","","2774 dublin road","","7868473568","","1","1"
"nouh.erol@example.com","base","admin","","2016-08-05 03:09:44","Admin","0","1948-01-15 14:04:03","Nouh","Male","1","Erol","","","","","","0","","","1","onetwothree","Delfzijl","","US","","Nouh","Erol","","33532","","","1622 massegast","","7869943249","","1","1"
"marian.fox@example.com","base","admin","","2006-05-19 18:41:16","Admin","0","1981-03-25 18:53:59","Marian","Female","1","Fox","","","","","","0","","","1","onetwothree","Lansing","","US","","Marian","Fox","","13066","","","3048 w sherman dr","","7862102684","","1","1"
"guta.moura@example.com","base","admin","","2007-10-15 04:34:36","Admin","0","1982-04-23 08:40:41","Guta","Female","1","Moura","","","","","","0","","","1","onetwothree","Teresópolis","","US","","Guta","Moura","","40197","","","9190 rua duque de caxias ","","7865941105","","1","1"
"willie.stanley@example.com","base","admin","","2014-05-30 04:03:57","Admin","0","1961-02-23 21:57:51","Willie","Male","1","Stanley","","","","","","0","","","1","onetwothree","Winchester","","US","","Willie","Stanley","","PB5P 0LW","","","9487 queens road","","7868306851","","1","1"
"raymond.murray@example.com","base","admin","","2002-04-13 18:05:53","Admin","0","1989-01-09 08:06:27","Raymond","Male","1","Murray","","","","","","0","","","1","onetwothree","Truro","","US","","Raymond","Murray","","RX08 1HP","","","1314 grove road","","7862298916","","1","1"
"lottie.bekker@example.com","base","admin","","2006-12-07 13:39:09","Admin","0","1952-08-08 13:07:23","Lottie","Female","1","Bekker","","","","","","0","","","1","onetwothree","Houten","","US","","Lottie","Bekker","","11518","","","9604 zonstraat","","7867319329","","1","1"
"carter.king@example.com","base","admin","","2015-05-13 04:20:00","Admin","0","1952-01-19 09:05:55","Carter","Male","1","King","","","","","","0","","","1","onetwothree","Dunedin","","US","","Carter","King","","86680","","","8950 buckleys road","","7868978329","","1","1"
"laurine.roy@example.com","base","admin","","2014-06-10 13:36:58","Admin","0","1959-06-17 00:00:54","Laurine","Female","1","Roy","","","","","","0","","","1","onetwothree","Mollens vd","","US","","Laurine","Roy","","5004","","","4642 rue abel-ferry","","7868453823","","1","1"
"mads.hansen@example.com","base","admin","","2012-07-17 01:40:39","Admin","0","1991-04-19 17:42:41","Mads","Male","1","Hansen","","","","","","0","","","1","onetwothree","Overby lyng","","US","","Mads","Hansen","","13672","","","8984 feriebyen","","7862307891","","1","1"
"pihla.jarvela@example.com","base","admin","","2014-12-23 15:43:45","Admin","0","1962-08-19 14:16:28","Pihla","Female","1","Jarvela","","","","","","0","","","1","onetwothree","Kiikoinen","","US","","Pihla","Jarvela","","68073","","","6223 pispalan valtatie","","7866930097","","1","1"
"julia.wiita@example.com","base","admin","","2009-02-17 11:06:06","Admin","0","1974-11-11 15:49:59","Julia","Female","1","Wiita","","","","","","0","","","1","onetwothree","Tornio","","US","","Julia","Wiita","","12238","","","7491 pyynikintie","","7868666412","","1","1"
"ellen.unger@example.com","base","admin","","2006-05-22 16:38:05","Admin","0","1985-04-25 13:22:04","Ellen","Female","1","Unger","","","","","","0","","","1","onetwothree","Günzburg","","US","","Ellen","Unger","","10081","","","3329 meisenweg","","7862114285","","1","1"
"enno.kardol@example.com","base","admin","","2008-11-05 02:12:08","Admin","0","1985-09-05 06:09:57","Enno","Male","1","Kardol","","","","","","0","","","1","onetwothree","Alblasserdam","","US","","Enno","Kardol","","27897","","","7966 vismarkt","","7865939076","","1","1"
"brittany.reynolds@example.com","base","admin","","2005-04-07 03:30:40","Admin","0","1949-02-18 19:38:42","Brittany","Female","1","Reynolds","","","","","","0","","","1","onetwothree","Tramore","","US","","Brittany","Reynolds","","93495","","","5875 patrick street","","7866478012","","1","1"
"lily.lacroix@example.com","base","admin","","2012-03-02 03:08:08","Admin","0","1975-05-20 18:32:49","Lily","Female","1","Lacroix","","","","","","0","","","1","onetwothree","Servion","","US","","Lily","Lacroix","","5390","","","6269 rue du village","","7861657023","","1","1"
"ida.petersen@example.com","base","admin","","2015-03-08 05:38:56","Admin","0","1959-09-26 11:17:14","Ida","Female","1","Petersen","","","","","","0","","","1","onetwothree","Lundby","","US","","Ida","Petersen","","65295","","","6603 lokesvej","","7868691646","","1","1"
"alicia.hernandez@example.com","base","admin","","2016-05-27 13:30:38","Admin","0","1993-12-04 05:48:59","Alicia","Female","1","Hernandez","","","","","","0","","","1","onetwothree","Bilbao","","US","","Alicia","Hernandez","","90180","","","4291 calle covadonga","","7867546206","","1","1"
"oscar.hall@example.com","base","admin","","2011-12-01 22:26:52","Admin","0","1985-02-27 22:40:30","Oscar","Male","1","Hall","","","","","","0","","","1","onetwothree","Whanganui","","US","","Oscar","Hall","","25310","","","5978 fraser street","","7867798808","","1","1"
"malik.ambrose@example.com","base","admin","","2008-08-05 20:24:09","Admin","0","1970-11-24 17:59:24","Malik","Male","1","Ambrose","","","","","","0","","","1","onetwothree","Field","","US","","Malik","Ambrose","","59412","","","5063 george st","","7867887973","","1","1"
"nicole.snyder@example.com","base","admin","","2015-04-05 06:02:44","Admin","0","1973-01-15 14:34:58","Nicole","Female","1","Snyder","","","","","","0","","","1","onetwothree","Cambridge","","US","","Nicole","Snyder","","63347","","","4279 bollinger rd","","7867930482","","1","1"
"thibault.roux@example.com","base","admin","","2014-06-28 22:53:27","Admin","0","1973-08-19 20:35:45","Thibault","Male","1","Roux","","","","","","0","","","1","onetwothree","Aulnay-sous-bois","","US","","Thibault","Roux","","14108","","","2037 avenue des ternes","","7866579928","","1","1"
"roope.rajala@example.com","base","admin","","2014-08-29 14:45:12","Admin","0","1965-10-25 05:10:48","Roope","Male","1","Rajala","","","","","","0","","","1","onetwothree","Laihia","","US","","Roope","Rajala","","20186","","","2839 pispalan valtatie","","7869404600","","1","1"
"florent.fournier@example.com","base","admin","","2009-04-16 06:00:01","Admin","0","1992-08-21 02:29:26","Florent","Male","1","Fournier","","","","","","0","","","1","onetwothree","Nîmes","","US","","Florent","Fournier","","66983","","","6174 rue pasteur","","7865053496","","1","1"
"julie.poulsen@example.com","base","admin","","2005-04-23 02:53:36","Admin","0","1964-11-18 20:31:55","Julie","Female","1","Poulsen","","","","","","0","","","1","onetwothree","København n","","US","","Julie","Poulsen","","79925","","","5724 finsensvej","","7869883491","","1","1"
"ethan.french@example.com","base","admin","","2006-10-16 08:53:54","Admin","0","1982-10-09 17:57:47","Ethan","Male","1","French","","","","","","0","","","1","onetwothree","Notre dame de lourdes","","US","","Ethan","French","","32070","","","3782 maple ave","","7861595402","","1","1"
"florence.mackay@example.com","base","admin","","2011-01-06 13:56:41","Admin","0","1992-12-17 10:19:16","Florence","Female","1","Mackay","","","","","","0","","","1","onetwothree","Lloydminster","","US","","Florence","Mackay","","18929","","","8636 wellington st","","7861522680","","1","1"
"hazel.green@example.com","base","admin","","2010-09-23 16:07:35","Admin","0","1969-04-12 16:35:02","Hazel","Female","1","Green","","","","","","0","","","1","onetwothree","Hastings","","US","","Hazel","Green","","69878","","","6393 napier road","","7862182407","","1","1"
"olivia.kristensen@example.com","base","admin","","2014-07-09 00:25:15","Admin","0","1961-05-11 01:02:35","Olivia","Female","1","Kristensen","","","","","","0","","","1","onetwothree","Allinge","","US","","Olivia","Kristensen","","86277","","","3097 harevænget","","7867803620","","1","1"
"katie.kelley@example.com","base","admin","","2013-01-20 22:35:35","Admin","0","1972-06-05 00:31:42","Katie","Female","1","Kelley","","","","","","0","","","1","onetwothree","Worcester","","US","","Katie","Kelley","","14177","","","7542 stevens creek blvd","","7869389899","","1","1"
"tyler.harrison@example.com","base","admin","","2008-12-16 00:56:02","Admin","0","1946-01-28 04:21:49","Tyler","Male","1","Harrison","","","","","","0","","","1","onetwothree","Grand prairie","","US","","Tyler","Harrison","","14720","","","7092 w 6th st","","7869525119","","1","1"
"marius.meyer@example.com","base","admin","","2007-02-08 03:21:37","Admin","0","1947-12-23 13:42:06","Marius","Male","1","Meyer","","","","","","0","","","1","onetwothree","Epautheyres","","US","","Marius","Meyer","","9425","","","6812 avenue tony-garnier","","7869000401","","1","1"
"anne.hinz@example.com","base","admin","","2002-07-27 07:14:31","Admin","0","1976-12-20 19:00:49","Anne","Female","1","Hinz","","","","","","0","","","1","onetwothree","Ludwigsburg","","US","","Anne","Hinz","","21897","","","5758 lindenstraße","","7866319997","","1","1"
"perry.rhodes@example.com","base","admin","","2014-12-22 13:30:48","Admin","0","1948-11-30 05:34:32","Perry","Male","1","Rhodes","","","","","","0","","","1","onetwothree","Broken arrow","","US","","Perry","Rhodes","","29763","","","5632 photinia ave","","7868191532","","1","1"
"nicole.daniels@example.com","base","admin","","2014-03-21 09:16:13","Admin","0","1977-07-04 10:49:20","Nicole","Female","1","Daniels","","","","","","0","","","1","onetwothree","Bray","","US","","Nicole","Daniels","","42667","","","5512 george street","","7861114687","","1","1"
"harold.robertson@example.com","base","admin","","2010-08-06 13:15:40","Admin","0","1948-05-27 04:47:06","Harold","Male","1","Robertson","","","","","","0","","","1","onetwothree","Montgomery","","US","","Harold","Robertson","","74748","","","6619 oak lawn ave","","7866727955","","1","1"
"brad.hicks@example.com","base","admin","","2014-07-04 00:28:00","Admin","0","1956-06-29 04:44:00","Brad","Male","1","Hicks","","","","","","0","","","1","onetwothree","Busselton","","US","","Brad","Hicks","","1558","","","9458 homestead rd","","7868966787","","1","1"
"william.clarke@example.com","base","admin","","2008-11-13 05:49:52","Admin","0","1973-01-25 05:43:16","William","Male","1","Clarke","","","","","","0","","","1","onetwothree","New plymouth","","US","","William","Clarke","","95596","","","3398 royal road","","7865942652","","1","1"
"philippe.french@example.com","base","admin","","2009-08-15 06:29:39","Admin","0","1951-12-14 22:34:48","Philippe","Male","1","French","","","","","","0","","","1","onetwothree","Sandy lake","","US","","Philippe","French","","52536","","","5769 richmond ave","","7869512700","","1","1"
"mercedes.carmona@example.com","base","admin","","2008-11-09 14:56:11","Admin","0","1959-08-12 21:28:08","Mercedes","Female","1","Carmona","","","","","","0","","","1","onetwothree","Alcobendas","","US","","Mercedes","Carmona","","43228","","","5102 calle de alcalá","","7864634298","","1","1"
"eloane.dufour@example.com","base","admin","","2007-04-25 04:41:15","Admin","0","1966-12-05 08:53:48","Eloane","Female","1","Dufour","","","","","","0","","","1","onetwothree","Tours","","US","","Eloane","Dufour","","97890","","","3513 rue barrier","","7869641062","","1","1"
"suzy.ryan@example.com","base","admin","","2003-08-14 10:37:37","Admin","0","1957-08-30 16:25:39","Suzy","Female","1","Ryan","","","","","","0","","","1","onetwothree","Belfast","","US","","Suzy","Ryan","","G3 3YP","","","7634 stanley road","","7867311509","","1","1"
"margot.porto@example.com","base","admin","","2016-07-16 14:43:43","Admin","0","1951-01-26 13:00:56","Margot","Female","1","Porto","","","","","","0","","","1","onetwothree","Parauapebas","","US","","Margot","Porto","","65481","","","2851 rua onze ","","7865262005","","1","1"
"clara.ma@example.com","base","admin","","2003-01-16 20:39:01","Admin","0","1969-03-16 02:14:01","Clara","Female","1","Ma","","","","","","0","","","1","onetwothree","Wellington","","US","","Clara","Ma","","34781","","","8695 balmoral st","","7867529036","","1","1"
"carlos.almeida@example.com","base","admin","","2013-05-07 22:02:37","Admin","0","1973-05-23 16:17:06","Carlos","Male","1","Almeida","","","","","","0","","","1","onetwothree","Catanduva","","US","","Carlos","Almeida","","92110","","","7281 rua dois","","7865150051","","1","1"
"karen.lee@example.com","base","admin","","2010-03-21 04:28:39","Admin","0","1986-10-01 09:03:21","Karen","Female","1","Lee","","","","","","0","","","1","onetwothree","Durham","","US","","Karen","Lee","","KX5 2RD","","","1504 windsor road","","7864157836","","1","1"
"benjamin.leroy@example.com","base","admin","","2015-02-11 11:10:45","Admin","0","1980-10-11 17:21:06","Benjamin","Male","1","Leroy","","","","","","0","","","1","onetwothree","Prilly","","US","","Benjamin","Leroy","","6543","","","8141 rue saint-georges","","7865459518","","1","1"
"kayla.davies@example.com","base","admin","","2009-02-17 04:16:35","Admin","0","1947-07-24 09:40:30","Kayla","Female","1","Davies","","","","","","0","","","1","onetwothree","Christchurch","","US","","Kayla","Davies","","23346","","","5992 lyttelton avenue","","7869626653","","1","1"
"jose.carlson@example.com","base","admin","","2003-02-06 02:25:12","Admin","0","1991-02-22 14:08:46","Jose","Male","1","Carlson","","","","","","0","","","1","onetwothree","Bowral","","US","","Jose","Carlson","","2772","","","9380 smokey ln","","7869856593","","1","1"
"marianne.pelletier@example.com","base","admin","","2012-02-16 12:15:23","Admin","0","1969-11-02 00:56:38","Marianne","Female","1","Pelletier","","","","","","0","","","1","onetwothree","St. george","","US","","Marianne","Pelletier","","13677","","","4887 coastal highway","","7864680150","","1","1"
"vedat.kahveci@example.com","base","admin","","2013-12-22 03:04:19","Admin","0","1984-11-17 13:59:19","Vedat","Male","1","Kahveci","","","","","","0","","","1","onetwothree","Bilecik","","US","","Vedat","Kahveci","","90667","","","8203 talak göktepe cd","","7864211969","","1","1"
"felice.elands@example.com","base","admin","","2012-11-19 09:51:49","Admin","0","1976-06-09 23:13:05","Felice","Female","1","Elands","","","","","","0","","","1","onetwothree","Vianen","","US","","Felice","Elands","","83696","","","8607 twijnstraat aan de werf","","7863072422","","1","1"
"kaya.okur@example.com","base","admin","","2008-04-19 16:57:57","Admin","0","1979-12-26 13:22:05","Kaya","Male","1","Okur","","","","","","0","","","1","onetwothree","Edirne","","US","","Kaya","Okur","","17310","","","4733 maçka cd","","7864563641","","1","1"
"lina.gonzalez@example.com","base","admin","","2014-03-23 15:55:06","Admin","0","1945-04-07 02:02:26","Lina","Female","1","Gonzalez","","","","","","0","","","1","onetwothree","Champigny-sur-marne","","US","","Lina","Gonzalez","","24881","","","4646 rue laure-diebold","","7864696260","","1","1"
"tucha.silveira@example.com","base","admin","","2006-07-04 09:46:10","Admin","0","1994-01-26 23:30:40","Tucha","Female","1","Silveira","","","","","","0","","","1","onetwothree","Açailândia","","US","","Tucha","Silveira","","33090","","","4447 rua duque de caxias ","","7863483992","","1","1"
"clarisse.gonzalez@example.com","base","admin","","2016-05-19 17:55:33","Admin","0","1974-08-31 07:33:22","Clarisse","Female","1","Gonzalez","","","","","","0","","","1","onetwothree","Echandens-denges","","US","","Clarisse","Gonzalez","","2110","","","5643 rue abel-gance","","7865634937","","1","1"
"rafael.keller@example.com","base","admin","","2004-10-29 22:31:31","Admin","0","1992-08-23 09:44:30","Rafael","Male","1","Keller","","","","","","0","","","1","onetwothree","Northeim","","US","","Rafael","Keller","","38250","","","2756 uhlandstraße","","7862499880","","1","1"
"victor.gonzales@example.com","base","admin","","2004-06-06 12:28:39","Admin","0","1952-04-23 00:00:51","Victor","Male","1","Gonzales","","","","","","0","","","1","onetwothree","Launceston","","US","","Victor","Gonzales","","6454","","","2467 samaritan dr","","7862873891","","1","1"
"marie.lefebvre@example.com","base","admin","","2014-07-01 16:50:14","Admin","0","1988-06-23 05:10:22","Marie","Female","1","Lefebvre","","","","","","0","","","1","onetwothree","Mézières vd","","US","","Marie","Lefebvre","","4409","","","7987 place de l'abbé-jean-lebeuf","","7865160057","","1","1"
"alice.diaz@example.com","base","admin","","2015-09-07 14:47:59","Admin","0","1975-08-13 08:16:11","Alice","Female","1","Diaz","","","","","","0","","","1","onetwothree","Elizabeth","","US","","Alice","Diaz","","38577","","","5386 w gray st","","7861500282","","1","1"
"sarah.woods@example.com","base","admin","","2013-07-02 03:58:37","Admin","0","1993-12-02 19:46:44","Sarah","Female","1","Woods","","","","","","0","","","1","onetwothree","Celbridge","","US","","Sarah","Woods","","60868","","","1594 novara avenue","","7868082777","","1","1"
"lindaura.pereira@example.com","base","admin","","2003-10-08 00:25:18","Admin","0","1984-09-29 08:03:56","Lindaura","Female","1","Pereira","","","","","","0","","","1","onetwothree","Ji-paraná","","US","","Lindaura","Pereira","","39381","","","2599 rua carlos gomes","","7863351589","","1","1"
"mildred.davidson@example.com","base","admin","","2015-11-25 18:22:26","Admin","0","1950-09-19 14:09:06","Mildred","Female","1","Davidson","","","","","","0","","","1","onetwothree","Warragul","","US","","Mildred","Davidson","","7405","","","4073 ash dr","","7861503858","","1","1"
"elise.koch@example.com","base","admin","","2006-05-05 00:07:59","Admin","0","1976-05-04 21:43:47","Elise","Female","1","Koch","","","","","","0","","","1","onetwothree","Eichsfeld","","US","","Elise","Koch","","69528","","","1818 breslauer straße","","7864810733","","1","1"
"abigail.collins@example.com","base","admin","","2002-12-16 15:36:30","Admin","0","1968-07-29 17:12:12","Abigail","Female","1","Collins","","","","","","0","","","1","onetwothree","Salisbury","","US","","Abigail","Collins","","YY0 6QS","","","8446 south street","","7862318377","","1","1"
"jean.robin@example.com","base","admin","","2014-09-17 10:46:25","Admin","0","1973-01-12 05:24:09","Jean","Male","1","Robin","","","","","","0","","","1","onetwothree","Epalinges","","US","","Jean","Robin","","5884","","","7309 rue de l'abbé-patureau","","7866905590","","1","1"
"katrin.dittrich@example.com","base","admin","","2005-05-17 16:50:52","Admin","0","1988-04-06 23:09:13","Katrin","Female","1","Dittrich","","","","","","0","","","1","onetwothree","Esslingen","","US","","Katrin","Dittrich","","72219","","","8616 bachstraße","","7861831077","","1","1"
"letitia.martin@example.com","base","admin","","2011-07-24 00:24:14","Admin","0","1946-03-29 02:36:31","Letitia","Female","1","Martin","","","","","","0","","","1","onetwothree","Thornton","","US","","Letitia","Martin","","14352","","","7242 nowlin rd","","7869858586","","1","1"
"elias.kantola@example.com","base","admin","","2012-10-08 21:26:18","Admin","0","1953-04-02 12:25:21","Elias","Male","1","Kantola","","","","","","0","","","1","onetwothree","Sysmä","","US","","Elias","Kantola","","19776","","","2149 nordenskiöldinkatu","","7866546653","","1","1"
"jose.santiago@example.com","base","admin","","2010-07-20 17:51:02","Admin","0","1950-10-11 05:34:36","Jose","Male","1","Santiago","","","","","","0","","","1","onetwothree","Hospitalet de llobregat","","US","","Jose","Santiago","","84649","","","9681 avenida del planetario","","7868031475","","1","1"
"hugo.lacroix@example.com","base","admin","","2009-03-25 09:04:07","Admin","0","1956-03-10 00:15:19","Hugo","Male","1","Lacroix","","","","","","0","","","1","onetwothree","Ogens","","US","","Hugo","Lacroix","","8126","","","6955 cours charlemagne","","7865120592","","1","1"
"isobel.hall@example.com","base","admin","","2013-01-11 17:21:43","Admin","0","1976-08-18 03:54:21","Isobel","Female","1","Hall","","","","","","0","","","1","onetwothree","Whangarei","","US","","Isobel","Hall","","41320","","","3093 bealey avenue","","7864075689","","1","1"
"justin.carpenter@example.com","base","admin","","2015-05-22 12:31:10","Admin","0","1962-01-17 00:39:53","Justin","Male","1","Carpenter","","","","","","0","","","1","onetwothree","Duleek","","US","","Justin","Carpenter","","20846","","","9527 o'connell street","","7863181526","","1","1"
"julius.huhtala@example.com","base","admin","","2011-03-03 15:39:53","Admin","0","1994-12-27 17:46:00","Julius","Male","1","Huhtala","","","","","","0","","","1","onetwothree","Isojoki","","US","","Julius","Huhtala","","70579","","","2649 itsenäisyydenkatu","","7868167318","","1","1"
"herminia.woods@example.com","base","admin","","2002-06-09 20:34:24","Admin","0","1962-10-26 14:58:04","Herminia","Female","1","Woods","","","","","","0","","","1","onetwothree","Miami gardens","","US","","Herminia","Woods","","23756","","","7618 smokey ln","","7861924975","","1","1"
"paige.wright@example.com","base","admin","","2013-10-23 04:14:59","Admin","0","1950-11-22 21:45:16","Paige","Female","1","Wright","","","","","","0","","","1","onetwothree","Napier","","US","","Paige","Wright","","54214","","","2827 walton street","","7867793971","","1","1"
"lisiane.daluz@example.com","base","admin","","2005-08-06 22:36:18","Admin","0","1951-04-12 10:06:29","Lisiane","Female","1","Da luz","","","","","","0","","","1","onetwothree","Cametá","","US","","Lisiane","Da luz","","88236","","","6689 rua vinte e quatro de outubro","","7863288215","","1","1"
"philip.andersen@example.com","base","admin","","2007-06-09 12:34:58","Admin","0","1969-10-10 14:36:58","Philip","Male","1","Andersen","","","","","","0","","","1","onetwothree","Lintrup","","US","","Philip","Andersen","","11682","","","2181 stendyssevej","","7861781569","","1","1"